,1960100000 ,1961100000 ,1962100000 ,1963100000 ,1964100000 ,1965100000 ,1966100000 ,1967100000 ,1968100000 ,1969100000 ,1970100000 ,1971100000 ,1972100000 ,1973100000 ,1974100000 ,1975100000 ,1976100000 ,1977100000 ,1978100000 ,1979100000 ,1980100000 ,1981100000 ,1982100000 ,1983100000 ,1984100000 ,1985100000 ,1986100000 ,1987100000 ,1988100000 ,1989100000 ,1990100000 ,1991100000 ,1992100000 ,1993100000 ,1994100000 ,1995100000 ,1996100000 ,1997100000 ,1998100000 ,1999100000 ,2000100000 ,2001100000 ,2002100000 ,2003100000 ,2004100000 ,2005100000 ,2006100000 ,2007100000 ,2008100000 ,2009100000 ,2010100000 ,2011100000 ,2012100000 ,2013100000 ,2014100000 ,2015100000 ,2016100000 ,2017100000 ,2018100000 ,2019100000 ,2020100000 ,2021100000 ,2022100000 ,2023100000 
çíóﬁ,20680 ,22099 ,22749 ,23179 ,24300 ,24607 ,25739 ,26222 ,26721 ,27896 ,28834 ,28132 ,29864 ,31703 ,31701 ,31430 ,33190 ,34416 ,35370 ,36878 ,36869 ,36723 ,36546 ,37678 ,38453 ,38696 ,39298 ,39859 ,39777 ,39593 ,39581 ,39818 ,39816 ,39838 ,38526 ,37969 ,38205 ,38134 ,37717 ,37719 ,37064 ,36559 ,36826 ,36674 ,35764 ,35643 ,35723 ,35703 ,34740 ,35270 ,34764 ,34781 ,34213 ,33987 ,33151 ,32832 ,33059 ,33281 ,33313 ,33149 ,32058 ,32095 ,32069 ,31729 
çíóﬁ_ïƒ,12618 ,13062 ,13315 ,13410 ,13361 ,12993 ,12503 ,12483 ,12251 ,11965 ,11948 ,11859 ,11948 ,12078 ,12033 ,11964 ,11819 ,11483 ,11364 ,11218 ,11209 ,11130 ,10988 ,10979 ,10938 ,10849 ,10796 ,10647 ,10584 ,10527 ,10484 ,10513 ,10502 ,10476 ,10022 ,10290 ,10189 ,10107 ,9908 ,9905 ,9790 ,9638 ,9459 ,9389 ,9269 ,9222 ,9186 ,9257 ,8883 ,8797 ,9018 ,9018 ,8667 ,8697 ,8839 ,8600 ,8644 ,8616 ,8443 ,8300 ,7855 ,8189 ,8236 ,8235 
çíóﬁ_è¨îû,3965 ,4190 ,4272 ,4290 ,4505 ,4631 ,4983 ,5106 ,5092 ,5245 ,5207 ,5206 ,5372 ,5498 ,5517 ,5578 ,5660 ,5761 ,5861 ,6020 ,6054 ,6034 ,6035 ,6059 ,6164 ,6101 ,6054 ,6069 ,6140 ,6204 ,6270 ,6340 ,6274 ,6344 ,6415 ,6355 ,6401 ,6290 ,6224 ,6282 ,6311 ,6227 ,6203 ,6316 ,6266 ,6213 ,6228 ,6348 ,6086 ,6258 ,6384 ,6701 ,7167 ,6992 ,6579 ,6583 ,6621 ,6702 ,6525 ,6473 ,6412 ,6421 ,6469 ,6312 
çíóﬁ_ëÂîû,1165 ,1271 ,1197 ,1079 ,1391 ,1271 ,1268 ,1348 ,1380 ,1430 ,1474 ,1556 ,1726 ,2074 ,2086 ,2147 ,2207 ,2311 ,2341 ,2413 ,2522 ,2505 ,2431 ,2540 ,2430 ,2417 ,2292 ,2298 ,2411 ,2482 ,2590 ,2707 ,2734 ,2751 ,2807 ,2724 ,2696 ,2688 ,2672 ,2745 ,2606 ,2526 ,2425 ,2263 ,2315 ,2265 ,2303 ,2199 ,1961 ,2244 ,2087 ,2142 ,2055 ,2063 ,1935 ,1925 ,1962 ,1952 ,1937 ,1861 ,1810 ,1893 ,1965 ,1931 
çíóﬁ_ÇÕÇæÇ©îû,976 ,959 ,779 ,410 ,327 ,417 ,439 ,391 ,332 ,279 ,211 ,190 ,116 ,52 ,46 ,48 ,46 ,41 ,39 ,49 ,54 ,54 ,53 ,45 ,41 ,38 ,34 ,31 ,27 ,25 ,25 ,20 ,13 ,12 ,14 ,20 ,23 ,20 ,22 ,23 ,21 ,22 ,20 ,19 ,20 ,16 ,12 ,12 ,13 ,13 ,11 ,12 ,12 ,17 ,18 ,19 ,27 ,33 ,42 ,43 ,36 ,36 ,31 ,34 
çíóﬁ_Ç∆Ç§Ç‡ÇÎÇ±Çµ,1597 ,2010 ,2489 ,2885 ,3410 ,3412 ,3866 ,4060 ,5092 ,5785 ,5575 ,5139 ,6524 ,7676 ,7501 ,7502 ,8490 ,9350 ,10279 ,11246 ,12951 ,13283 ,13634 ,14355 ,13761 ,14004 ,14832 ,16410 ,16155 ,15917 ,16020 ,16303 ,16550 ,16614 ,16049 ,15946 ,15923 ,15973 ,15821 ,15900 ,15704 ,15724 ,16429 ,16595 ,16041 ,16130 ,16260 ,16364 ,16299 ,15985 ,15516 ,15243 ,14425 ,14469 ,14634 ,14757 ,15014 ,15249 ,15638 ,15834 ,15415 ,15091 ,14953 ,14855 
çíóﬁ_Ç±Ç§ÇËÇ·ÇÒ,48 ,204 ,427 ,815 ,988 ,1553 ,2416 ,2532 ,2293 ,2902 ,3991 ,3641 ,3698 ,3895 ,4197 ,3815 ,4613 ,5031 ,5105 ,5481 ,3742 ,3456 ,3145 ,3291 ,4569 ,4787 ,4796 ,3831 ,3981 ,4029 ,3685 ,3349 ,3105 ,3021 ,2528 ,1952 ,2367 ,2547 ,2511 ,2239 ,2051 ,1864 ,1683 ,1462 ,1359 ,1301 ,1247 ,1138 ,1240 ,1723 ,1426 ,1417 ,1654 ,1511 ,928 ,743 ,579 ,510 ,515 ,420 ,346 ,269 ,231 ,174 
çíóﬁ_ÇªÇÃëºÇÃéGçí,311 ,403 ,270 ,290 ,318 ,330 ,264 ,302 ,281 ,290 ,428 ,541 ,480 ,430 ,321 ,376 ,355 ,439 ,381 ,451 ,337 ,261 ,260 ,409 ,550 ,500 ,494 ,573 ,479 ,409 ,507 ,586 ,638 ,620 ,691 ,682 ,606 ,509 ,559 ,625 ,581 ,558 ,607 ,630 ,494 ,496 ,487 ,385 ,258 ,251 ,322 ,248 ,233 ,238 ,218 ,205 ,212 ,219 ,213 ,218 ,184 ,196 ,184 ,188 
Ç¢Ç‡óﬁ,9849 ,10147 ,9876 ,10063 ,9770 ,8999 ,8183 ,7667 ,7647 ,6426 ,6169 ,5307 ,5604 ,5040 ,4387 ,4707 ,5100 ,5076 ,4925 ,4956 ,4949 ,4743 ,5353 ,5131 ,5290 ,5454 ,5837 ,5701 ,5500 ,5416 ,5351 ,5284 ,5268 ,4955 ,5246 ,5228 ,4914 ,5228 ,4982 ,4802 ,4799 ,4804 ,4871 ,4669 ,4708 ,4695 ,4541 ,4770 ,4659 ,4446 ,4174 ,4350 ,4472 ,4392 ,4305 ,4243 ,4117 ,4340 ,4198 ,4307 ,3966 ,3959 ,4267 ,4217 
Ç¢Ç‡óﬁ_Ç©ÇÒÇµÇÂ,6277 ,6333 ,6217 ,6662 ,5875 ,4955 ,4810 ,4031 ,3594 ,2855 ,2564 ,2041 ,2061 ,1613 ,1435 ,1418 ,1279 ,1431 ,1371 ,1360 ,1317 ,1458 ,1384 ,1379 ,1400 ,1527 ,1507 ,1423 ,1326 ,1431 ,1409 ,1207 ,1298 ,1036 ,1266 ,1182 ,1112 ,1136 ,1144 ,1016 ,1084 ,1083 ,1073 ,1002 ,1078 ,1137 ,1072 ,1031 ,1052 ,1093 ,927 ,956 ,946 ,1017 ,945 ,866 ,917 ,861 ,841 ,792 ,718 ,708 ,740 ,741 
Ç¢Ç‡óﬁ_ÇŒÇÍÇ¢ÇµÇÂ,3572 ,3814 ,3659 ,3401 ,3895 ,4044 ,3373 ,3636 ,4053 ,3571 ,3605 ,3266 ,3543 ,3427 ,2952 ,3289 ,3821 ,3645 ,3554 ,3596 ,3632 ,3285 ,3969 ,3752 ,3890 ,3927 ,4330 ,4278 ,4174 ,3985 ,3942 ,4077 ,3970 ,3919 ,3980 ,4046 ,3802 ,4092 ,3838 ,3786 ,3715 ,3721 ,3798 ,3667 ,3630 ,3558 ,3469 ,3739 ,3607 ,3353 ,3247 ,3394 ,3526 ,3375 ,3360 ,3377 ,3200 ,3479 ,3357 ,3515 ,3248 ,3251 ,3527 ,3476 
Ç≈ÇÒï≤,831 ,920 ,1037 ,1051 ,1148 ,1197 ,1200 ,1283 ,1227 ,1163 ,1156 ,1140 ,1197 ,1200 ,1183 ,1141 ,1338 ,1400 ,1458 ,1507 ,1763 ,1906 ,1929 ,2108 ,2198 ,2208 ,2283 ,2460 ,2670 ,2749 ,2806 ,2843 ,2806 ,2744 ,2850 ,2815 ,2938 ,3036 ,2986 ,3017 ,3080 ,3023 ,3011 ,3024 ,2997 ,3002 ,3003 ,2959 ,2783 ,2668 ,2761 ,2723 ,2643 ,2630 ,2617 ,2621 ,2680 ,2625 ,2671 ,2643 ,2323 ,2403 ,2463 ,2405 
ì§óﬁ,2075 ,2143 ,2173 ,2484 ,2458 ,2623 ,2893 ,3022 ,3185 ,3393 ,3880 ,3932 ,4064 ,4178 ,4131 ,4033 ,4073 ,4249 ,4674 ,4826 ,4888 ,4924 ,5016 ,5450 ,5290 ,5520 ,5521 ,5484 ,5365 ,5236 ,5296 ,5135 ,5335 ,5507 ,5369 ,5378 ,5444 ,5501 ,5351 ,5462 ,5425 ,5531 ,5773 ,5777 ,5162 ,4790 ,4675 ,4722 ,4413 ,4071 ,4035 ,3581 ,3419 ,3384 ,3485 ,3789 ,3810 ,3974 ,3955 ,4056 ,3843 ,3897 ,4278 ,3842 
ì§óﬁ_ëÂì§,1517 ,1568 ,1601 ,1879 ,1881 ,2030 ,2289 ,2425 ,2583 ,2779 ,3295 ,3336 ,3496 ,3620 ,3614 ,3502 ,3552 ,3734 ,4190 ,4332 ,4386 ,4426 ,4550 ,4960 ,4814 ,5025 ,5017 ,4986 ,4867 ,4748 ,4821 ,4628 ,4822 ,4999 ,4881 ,4919 ,4967 ,5040 ,4896 ,5004 ,4962 ,5072 ,5309 ,5311 ,4715 ,4348 ,4237 ,4304 ,4034 ,3668 ,3642 ,3187 ,3037 ,3012 ,3095 ,3380 ,3424 ,3573 ,3567 ,3683 ,3498 ,3564 ,3894 ,3562 
ì§óﬁ_ÇªÇÃëºÇÃì§óﬁ,558 ,575 ,572 ,605 ,577 ,593 ,604 ,597 ,602 ,614 ,585 ,596 ,568 ,558 ,517 ,531 ,521 ,515 ,484 ,494 ,502 ,498 ,466 ,490 ,476 ,495 ,504 ,498 ,498 ,488 ,475 ,507 ,513 ,508 ,488 ,459 ,477 ,461 ,455 ,458 ,463 ,459 ,464 ,466 ,447 ,442 ,438 ,418 ,379 ,403 ,393 ,394 ,382 ,372 ,390 ,409 ,386 ,401 ,388 ,373 ,345 ,333 ,384 ,280 
ñÏçÿ,11739 ,11189 ,12248 ,13404 ,12752 ,13509 ,14420 ,14724 ,16193 ,15762 ,15414 ,16108 ,16314 ,15781 ,16263 ,16102 ,16338 ,17177 ,17364 ,17191 ,17128 ,17350 ,17655 ,17121 ,17750 ,17472 ,17855 ,17925 ,17747 ,17783 ,17394 ,17086 ,17424 ,16770 ,16946 ,17299 ,17142 ,16745 ,16470 ,16952 ,16826 ,16722 ,16054 ,15819 ,15491 ,15849 ,15593 ,15505 ,15352 ,14867 ,14508 ,14910 ,15310 ,14962 ,15044 ,14776 ,14468 ,14654 ,14767 ,14688 ,14438 ,14221 ,14129 ,13626 
ñÏçÿ_óŒâ©êFñÏçÿ,1923 ,1933 ,2062 ,2210 ,2186 ,2310 ,2476 ,2627 ,2822 ,2692 ,2704 ,2774 ,2831 ,2756 ,2850 ,2801 ,2715 ,3005 ,3075 ,3172 ,3174 ,3084 ,3089 ,3092 ,3336 ,3313 ,3379 ,3432 ,3512 ,3547 ,3487 ,3424 ,3491 ,3463 ,3728 ,3879 ,3864 ,3780 ,3796 ,4041 ,4016 ,4055 ,3864 ,3873 ,3891 ,4136 ,4078 ,4150 ,4093 ,3847 ,3770 ,3987 ,4247 ,4222 ,4136 ,4061 ,3941 ,4125 ,4116 ,4051 ,4090 ,4066 ,3984 ,3826 
ñÏçÿ_ÇªÇÃëºÇÃñÏçÿ,9816 ,9256 ,10186 ,11194 ,10566 ,11199 ,11944 ,12097 ,13371 ,13070 ,12710 ,13334 ,13483 ,13025 ,13413 ,13301 ,13623 ,14172 ,14289 ,14019 ,13954 ,14266 ,14566 ,14029 ,14414 ,14159 ,14476 ,14493 ,14235 ,14236 ,13907 ,13662 ,13933 ,13307 ,13218 ,13420 ,13278 ,12965 ,12674 ,12911 ,12810 ,12667 ,12190 ,11946 ,11600 ,11713 ,11515 ,11355 ,11259 ,11020 ,10738 ,10923 ,11063 ,10740 ,10908 ,10715 ,10527 ,10529 ,10651 ,10637 ,10348 ,10155 ,10145 ,9800 
â é¿,3296 ,3447 ,3506 ,3865 ,4387 ,4466 ,5130 ,5315 ,6300 ,6112 ,6517 ,6585 ,7914 ,7887 ,7615 ,7993 ,7481 ,7840 ,7828 ,7956 ,7635 ,7582 ,7899 ,7926 ,7030 ,7485 ,7500 ,8068 ,7954 ,7832 ,7763 ,7391 ,8199 ,8293 ,9167 ,8656 ,8284 ,8687 ,8092 ,8744 ,8691 ,9246 ,8780 ,8362 ,8768 ,9036 ,8373 ,8552 ,8310 ,8159 ,7719 ,7837 ,8016 ,7682 ,7414 ,7263 ,7150 ,7092 ,7437 ,7068 ,7104 ,6665 ,6782 ,6441 
â é¿_Ç§ÇÒÇµÇ„Ç§Ç›Ç©ÇÒ,933 ,841 ,859 ,931 ,1179 ,1221 ,1636 ,1478 ,2234 ,1919 ,2436 ,2348 ,3464 ,3266 ,3266 ,3587 ,3013 ,3284 ,3059 ,3111 ,2803 ,2957 ,2844 ,2800 ,2119 ,2347 ,1960 ,2370 ,2256 ,2009 ,1617 ,1598 ,1588 ,1534 ,1342 ,1352 ,1150 ,1393 ,1220 ,1344 ,1212 ,1333 ,1156 ,1107 ,1074 ,1100 ,898 ,1082 ,914 ,997 ,828 ,887 ,823 ,872 ,844 ,777 ,803 ,739 ,777 ,725 ,754 ,726 ,673 ,668 
â é¿_ÇËÇÒÇ≤,892 ,948 ,993 ,1136 ,1072 ,1109 ,1036 ,1099 ,1107 ,1060 ,1005 ,997 ,954 ,956 ,846 ,898 ,877 ,954 ,834 ,858 ,985 ,842 ,922 ,1041 ,811 ,936 ,1003 ,1025 ,1066 ,1136 ,1261 ,994 ,1262 ,1434 ,1535 ,1550 ,1497 ,1502 ,1338 ,1449 ,1346 ,1607 ,1473 ,1365 ,1424 ,1577 ,1591 ,1716 ,1699 ,1453 ,1357 ,1255 ,1449 ,1341 ,1466 ,1374 ,1280 ,1282 ,1251 ,1255 ,1254 ,1136 ,1245 ,1051 
â é¿_ÇªÇÃëºÇÃâ é¿,1471 ,1658 ,1654 ,1798 ,2136 ,2136 ,2458 ,2738 ,2959 ,3133 ,3076 ,3240 ,3496 ,3665 ,3503 ,3508 ,3591 ,3602 ,3935 ,3987 ,3847 ,3783 ,4133 ,4085 ,4100 ,4202 ,4537 ,4673 ,4632 ,4687 ,4885 ,4799 ,5349 ,5325 ,6290 ,5754 ,5637 ,5792 ,5534 ,5951 ,6133 ,6306 ,6151 ,5890 ,6270 ,6359 ,5884 ,5754 ,5697 ,5709 ,5534 ,5695 ,5744 ,5469 ,5104 ,5112 ,5067 ,5071 ,5409 ,5088 ,5096 ,4803 ,4864 ,4722 
ì˜óﬁ,617 ,757 ,931 ,959 ,1070 ,1192 ,1348 ,1446 ,1498 ,1710 ,1899 ,2197 ,2416 ,2578 ,2696 ,2875 ,3039 ,3329 ,3525 ,3748 ,3741 ,3815 ,3935 ,4034 ,4138 ,4315 ,4521 ,4752 ,4903 ,4943 ,5004 ,5095 ,5218 ,5290 ,5443 ,5571 ,5511 ,5467 ,5538 ,5622 ,5683 ,5502 ,5643 ,5610 ,5519 ,5649 ,5574 ,5600 ,5657 ,5665 ,5769 ,5856 ,5924 ,5923 ,5925 ,6036 ,6203 ,6412 ,6544 ,6556 ,6531 ,6594 ,6570 ,6551 
ì˜óﬁ_ãçì˜,147 ,147 ,157 ,203 ,235 ,207 ,167 ,180 ,207 ,273 ,315 ,364 ,387 ,378 ,412 ,415 ,450 ,497 ,555 ,576 ,597 ,632 ,681 ,724 ,752 ,774 ,817 ,893 ,973 ,996 ,1095 ,1127 ,1215 ,1354 ,1454 ,1526 ,1415 ,1472 ,1502 ,1507 ,1554 ,1304 ,1333 ,1291 ,1155 ,1151 ,1145 ,1180 ,1179 ,1211 ,1218 ,1250 ,1227 ,1239 ,1209 ,1185 ,1231 ,1291 ,1331 ,1339 ,1329 ,1267 ,1259 ,1243 
ì˜óﬁ_ìÿì˜,155 ,241 ,322 ,279 ,316 ,431 ,571 ,620 ,611 ,645 ,796 ,878 ,1007 ,1140 ,1166 ,1190 ,1268 ,1373 ,1469 ,1626 ,1646 ,1642 ,1647 ,1678 ,1697 ,1813 ,1890 ,1994 ,2041 ,2066 ,2066 ,2084 ,2092 ,2082 ,2103 ,2095 ,2133 ,2082 ,2140 ,2180 ,2188 ,2236 ,2350 ,2406 ,2492 ,2494 ,2383 ,2392 ,2430 ,2381 ,2416 ,2461 ,2447 ,2440 ,2441 ,2502 ,2552 ,2621 ,2644 ,2626 ,2638 ,2675 ,2650 ,2654 
ì˜óﬁ_å{ì˜,103 ,132 ,155 ,183 ,226 ,246 ,277 ,312 ,354 ,443 ,507 ,593 ,668 ,725 ,749 ,784 ,876 ,983 ,1085 ,1166 ,1194 ,1238 ,1302 ,1359 ,1425 ,1466 ,1574 ,1641 ,1695 ,1697 ,1678 ,1712 ,1748 ,1707 ,1759 ,1820 ,1856 ,1822 ,1804 ,1851 ,1865 ,1894 ,1898 ,1848 ,1805 ,1919 ,1974 ,1965 ,1989 ,2017 ,2087 ,2099 ,2204 ,2195 ,2226 ,2299 ,2369 ,2448 ,2511 ,2537 ,2513 ,2601 ,2616 ,2600 
ì˜óﬁ_ÇªÇÃëºÇÃì˜,58 ,58 ,64 ,98 ,112 ,105 ,136 ,154 ,179 ,200 ,156 ,230 ,229 ,212 ,250 ,381 ,369 ,397 ,358 ,334 ,258 ,266 ,265 ,233 ,231 ,230 ,222 ,218 ,191 ,183 ,162 ,169 ,161 ,145 ,125 ,127 ,104 ,89 ,90 ,81 ,73 ,65 ,58 ,61 ,63 ,79 ,67 ,59 ,54 ,53 ,46 ,41 ,43 ,45 ,44 ,45 ,48 ,50 ,54 ,52 ,49 ,50 ,43 ,51 
ì˜óﬁ_å~,154 ,179 ,233 ,196 ,181 ,203 ,197 ,180 ,147 ,149 ,125 ,132 ,125 ,123 ,119 ,105 ,76 ,79 ,58 ,46 ,46 ,37 ,40 ,40 ,33 ,32 ,18 ,6 ,3 ,1 ,3 ,3 ,2 ,2 ,2 ,3 ,3 ,2 ,2 ,3 ,3 ,3 ,4 ,4 ,4 ,6 ,5 ,4 ,5 ,3 ,2 ,5 ,3 ,4 ,5 ,5 ,3 ,2 ,4 ,2 ,2 ,1 ,2 ,3 
å{óë,689 ,889 ,975 ,1029 ,1223 ,1332 ,1235 ,1357 ,1500 ,1670 ,1817 ,1846 ,1848 ,1859 ,1834 ,1862 ,1912 ,1964 ,2033 ,2037 ,2041 ,2068 ,2109 ,2132 ,2174 ,2199 ,2333 ,2430 ,2448 ,2468 ,2470 ,2609 ,2668 ,2700 ,2667 ,2659 ,2674 ,2676 ,2640 ,2658 ,2656 ,2633 ,2647 ,2633 ,2608 ,2619 ,2635 ,2700 ,2646 ,2609 ,2619 ,2633 ,2624 ,2642 ,2628 ,2655 ,2649 ,2723 ,2737 ,2753 ,2684 ,2678 ,2648 ,2568 
ãçì˚ãyÇ—ì˚êªïi,2176 ,2456 ,2823 ,3288 ,3580 ,3815 ,4277 ,4492 ,4730 ,5026 ,5355 ,5487 ,5719 ,5903 ,5878 ,6160 ,6652 ,6963 ,7309 ,7797 ,7943 ,8303 ,8179 ,8648 ,8814 ,8785 ,8976 ,9576 ,10253 ,10218 ,10583 ,10820 ,10695 ,10753 ,11591 ,11800 ,12073 ,12104 ,12019 ,12129 ,12309 ,12174 ,12170 ,12205 ,12355 ,12144 ,12166 ,12243 ,11315 ,11114 ,11366 ,11635 ,11721 ,11635 ,11694 ,11891 ,11900 ,12150 ,12425 ,12413 ,12219 ,12220 ,12206 ,11702 
ãçì˚ãyÇ—ì˚êªïi_î_â∆é©â∆óp,159 ,166 ,186 ,192 ,194 ,189 ,185 ,184 ,188 ,188 ,175 ,153 ,145 ,132 ,123 ,118 ,119 ,122 ,126 ,159 ,177 ,178 ,138 ,110 ,108 ,114 ,182 ,174 ,120 ,124 ,127 ,123 ,115 ,139 ,142 ,129 ,120 ,111 ,104 ,104 ,104 ,92 ,89 ,86 ,81 ,82 ,82 ,83 ,80 ,76 ,70 ,64 ,59 ,57 ,60 ,56 ,51 ,49 ,45 ,44 ,45 ,49 ,46 ,47 
ãçì˚ãyÇ—ì˚êªïi_à˘ópå¸ÇØ,1008 ,1125 ,1214 ,1467 ,1666 ,1828 ,2022 ,2157 ,2360 ,2516 ,2651 ,2685 ,2843 ,2952 ,3004 ,3181 ,3355 ,3572 ,3726 ,3905 ,4010 ,4140 ,4247 ,4271 ,4328 ,4307 ,4342 ,4598 ,4821 ,4956 ,5091 ,5117 ,5109 ,5030 ,5263 ,5152 ,5188 ,5122 ,5026 ,4939 ,5003 ,4903 ,5046 ,4957 ,4902 ,4739 ,4620 ,4508 ,4414 ,4216 ,4107 ,4081 ,4009 ,3962 ,3907 ,3949 ,3985 ,3979 ,4001 ,3991 ,4026 ,3990 ,3934 ,3833 
ãçì˚ãyÇ—ì˚êªïi_ì˚êªïiå¸ÇØ,1009 ,1165 ,1423 ,1629 ,1720 ,1798 ,2070 ,2151 ,2182 ,2322 ,2529 ,2649 ,2731 ,2819 ,2751 ,2861 ,3178 ,3269 ,3457 ,3733 ,3756 ,3985 ,3794 ,4267 ,4378 ,4364 ,4452 ,4804 ,5312 ,5138 ,5365 ,5580 ,5471 ,5584 ,6186 ,6519 ,6765 ,6871 ,6889 ,7086 ,7202 ,7179 ,7035 ,7162 ,7372 ,7323 ,7464 ,7652 ,6821 ,6822 ,7189 ,7490 ,7653 ,7616 ,7727 ,7886 ,7864 ,8122 ,8379 ,8378 ,8148 ,8181 ,8226 ,7822 
ãçì˚ãyÇ—ì˚êªïi_ëSéâÇÍÇÒì˚,52 ,55 ,58 ,52 ,43 ,38 ,38 ,43 ,42 ,49 ,50 ,49 ,55 ,41 ,45 ,39 ,45 ,44 ,53 ,56 ,49 ,56 ,56 ,52 ,56 ,49 ,50 ,51 ,50 ,53 ,51 ,48 ,44 ,47 ,51 ,43 ,48 ,39 ,40 ,36 ,36 ,34 ,35 ,34 ,38 ,37 ,32 ,39 ,40 ,39 ,41 ,38 ,38 ,37 ,36 ,36 ,38 ,34 ,36 ,33 ,31 ,34 ,32 ,30 
ãçì˚ãyÇ—ì˚êªïi_íEéâÇÍÇÒì˚,26 ,30 ,28 ,32 ,29 ,24 ,20 ,23 ,23 ,26 ,26 ,23 ,17 ,18 ,14 ,15 ,17 ,18 ,19 ,24 ,20 ,20 ,20 ,18 ,14 ,14 ,14 ,15 ,15 ,16 ,16 ,15 ,12 ,11 ,11 ,10 ,8 ,8 ,9 ,6 ,5 ,6 ,7 ,6 ,6 ,7 ,6 ,7 ,6 ,5 ,5 ,5 ,5 ,4 ,4 ,4 ,4 ,4 ,4 ,4 ,4 ,4 ,3 ,3 
ãçì˚ãyÇ—ì˚êªïi_ëSéâï≤ì˚,8 ,9 ,14 ,17 ,24 ,27 ,31 ,34 ,31 ,31 ,37 ,36 ,41 ,34 ,29 ,30 ,25 ,28 ,30 ,32 ,32 ,33 ,35 ,36 ,34 ,35 ,31 ,31 ,32 ,32 ,35 ,33 ,32 ,30 ,31 ,26 ,23 ,18 ,19 ,19 ,18 ,17 ,17 ,16 ,15 ,15 ,14 ,15 ,13 ,12 ,14 ,13 ,11 ,12 ,12 ,12 ,11 ,10 ,10 ,11 ,10 ,12 ,14 ,16 
ãçì˚ãyÇ—ì˚êªïi_íEéâï≤ì˚,41 ,46 ,56 ,81 ,84 ,80 ,89 ,87 ,77 ,82 ,85 ,68 ,86 ,96 ,104 ,109 ,99 ,106 ,117 ,133 ,142 ,155 ,168 ,182 ,184 ,185 ,178 ,187 ,194 ,188 ,204 ,217 ,213 ,216 ,230 ,232 ,231 ,230 ,225 ,220 ,194 ,174 ,176 ,175 ,191 ,206 ,190 ,197 ,158 ,152 ,163 ,148 ,141 ,145 ,140 ,137 ,137 ,139 ,139 ,131 ,142 ,143 ,175 ,164 
ãçì˚ãyÇ—ì˚êªïi_àÁéôópï≤ì˚,23 ,28 ,33 ,35 ,36 ,51 ,45 ,48 ,48 ,55 ,54 ,58 ,77 ,91 ,75 ,67 ,57 ,50 ,52 ,53 ,51 ,48 ,46 ,47 ,45 ,47 ,45 ,43 ,43 ,40 ,36 ,39 ,38 ,35 ,37 ,37 ,37 ,37 ,34 ,35 ,35 ,34 ,37 ,36 ,35 ,31 ,29 ,29 ,27 ,27 ,25 ,24 ,24 ,23 ,23 ,24 ,23 ,22 ,21 ,20 ,19 ,18 ,20 ,22 
ãçì˚ãyÇ—ì˚êªïi_É`Å[ÉY,5 ,7 ,9 ,13 ,13 ,17 ,29 ,30 ,35 ,40 ,43 ,43 ,44 ,51 ,57 ,58 ,68 ,76 ,81 ,86 ,81 ,87 ,88 ,94 ,99 ,99 ,109 ,122 ,143 ,137 ,142 ,151 ,162 ,170 ,176 ,190 ,201 ,207 ,218 ,227 ,243 ,240 ,232 ,239 ,249 ,246 ,254 ,263 ,223 ,237 ,245 ,267 ,285 ,279 ,283 ,301 ,302 ,321 ,333 ,339 ,333 ,330 ,310 ,295 
ãçì˚ãyÇ—ì˚êªïi_ÉoÉ^Å[,13 ,14 ,20 ,21 ,24 ,26 ,34 ,34 ,39 ,39 ,42 ,57 ,54 ,61 ,53 ,56 ,57 ,55 ,58 ,63 ,68 ,72 ,74 ,74 ,79 ,82 ,82 ,87 ,89 ,87 ,87 ,87 ,85 ,89 ,90 ,93 ,89 ,90 ,83 ,84 ,83 ,91 ,91 ,90 ,90 ,85 ,90 ,92 ,78 ,78 ,84 ,79 ,76 ,74 ,74 ,75 ,74 ,71 ,79 ,84 ,78 ,84 ,94 ,89 
ãõâÓóﬁ,5383 ,5892 ,5914 ,6113 ,5845 ,6477 ,6524 ,7194 ,8280 ,8135 ,8631 ,8925 ,9440 ,10151 ,9889 ,10016 ,10097 ,10380 ,10695 ,10736 ,10734 ,11121 ,11264 ,11658 ,12035 ,12263 ,12617 ,13068 ,13475 ,13341 ,13028 ,12202 ,11777 ,12030 ,12323 ,11906 ,11662 ,11363 ,10689 ,10659 ,10812 ,11387 ,11147 ,10900 ,10519 ,10201 ,9892 ,9550 ,9418 ,9154 ,8701 ,8248 ,8297 ,7868 ,7891 ,7663 ,7365 ,7382 ,7154 ,7192 ,6838 ,6562 ,6514 ,6521 
ãõâÓóﬁ_ê∂ëNÅEó‚ìÄ,***,***,2010 ,2088 ,1626 ,1973 ,1897 ,2080 ,2247 ,2114 ,2255 ,2401 ,2536 ,2661 ,2853 ,2941 ,3060 ,2931 ,3087 ,2896 ,3009 ,2928 ,2812 ,2971 ,3230 ,3342 ,3334 ,3448 ,3387 ,3352 ,3315 ,3098 ,3154 ,3320 ,4033 ,4167 ,3957 ,3789 ,3502 ,3929 ,3667 ,3969 ,4008 ,3642 ,3428 ,3390 ,3003 ,3020 ,2935 ,2849 ,2748 ,2784 ,2757 ,2448 ,2538 ,2378 ,2180 ,2250 ,1889 ,1886 ,1797 ,1787 ,1706 ,1606 
ãõâÓóﬁ_âñä±ÅCÇ≠ÇÒêªÅCÇªÇÃëº,***,***,2653 ,2760 ,2752 ,2964 ,3146 ,3297 ,3571 ,3705 ,4021 ,4191 ,4343 ,4424 ,4405 ,4458 ,4454 ,4378 ,4379 ,4361 ,4383 ,4445 ,4494 ,4690 ,4616 ,4717 ,4802 ,4938 ,5123 ,5170 ,5067 ,4734 ,4682 ,4725 ,4463 ,4432 ,4464 ,4248 ,4323 ,4078 ,4524 ,4499 ,4254 ,4218 ,4220 ,4132 ,4078 ,3926 ,3909 ,3759 ,3701 ,3466 ,3514 ,3501 ,3404 ,3366 ,3325 ,3228 ,3439 ,3413 ,3161 ,3101 ,3036 ,3119 
ãõâÓóﬁ_Ç©ÇÒãl,***,***,160 ,115 ,87 ,111 ,120 ,168 ,98 ,96 ,80 ,205 ,132 ,171 ,226 ,150 ,249 ,256 ,276 ,289 ,274 ,304 ,337 ,362 ,368 ,357 ,377 ,379 ,388 ,383 ,416 ,445 ,429 ,419 ,378 ,322 ,347 ,338 ,314 ,304 ,338 ,338 ,330 ,342 ,349 ,339 ,334 ,322 ,310 ,314 ,316 ,313 ,335 ,331 ,337 ,338 ,343 ,340 ,348 ,341 ,325 ,300 ,300 ,286 
ãõâÓóﬁ_ê∂ëNÅEó‚ìÄÅ^âñä±ÅCÇ≠ÇÒêªÅCÇªÇÃëºÅ^Ç©ÇÒãl,4400 ,4756 ,***,***,***,***,***,***,***,***,***,***,***,***,***,***,***,***,***,***,***,***,***,***,***,***,***,***,***,***,***,***,***,***,***,***,***,***,***,***,***,***,***,***,***,***,***,***,***,***,***,***,***,***,***,***,***,***,***,***,***,***,***,***
ãõâÓóﬁ_éîîÏóø,983 ,1136 ,1091 ,1150 ,1380 ,1429 ,1361 ,1649 ,2364 ,2220 ,2275 ,2128 ,2429 ,2895 ,2405 ,2467 ,2334 ,2815 ,2953 ,3190 ,3068 ,3444 ,3621 ,3635 ,3821 ,3847 ,4104 ,4303 ,4577 ,4436 ,4230 ,3925 ,3512 ,3566 ,3449 ,2985 ,2894 ,2988 ,2550 ,2348 ,2283 ,2581 ,2555 ,2698 ,2522 ,2340 ,2477 ,2282 ,2264 ,2232 ,1936 ,1685 ,1691 ,1588 ,1612 ,1581 ,1517 ,1564 ,1478 ,1552 ,1555 ,1374 ,1472 ,1510 
äCëîóﬁ,84 ,95 ,107 ,94 ,81 ,92 ,113 ,123 ,113 ,101 ,114 ,130 ,128 ,157 ,158 ,147 ,176 ,171 ,166 ,174 ,188 ,176 ,174 ,193 ,204 ,193 ,204 ,184 ,211 ,221 ,216 ,204 ,212 ,198 ,223 ,212 ,201 ,209 ,202 ,223 ,206 ,204 ,209 ,178 ,185 ,190 ,180 ,175 ,158 ,155 ,151 ,141 ,158 ,147 ,139 ,142 ,137 ,140 ,138 ,127 ,132 ,117 ,113 ,110 
çªìúóﬁ_ëeìú,1234 ,1343 ,1419 ,1392 ,1591 ,1652 ,1755 ,1943 ,2099 ,2292 ,2619 ,2618 ,2839 ,2878 ,2793 ,2776 ,2740 ,2871 ,2567 ,2759 ,2261 ,2102 ,2238 ,2055 ,2155 ,2074 ,2016 ,2003 ,2080 ,2041 ,2009 ,1955 ,1934 ,1819 ,1973 ,1799 ,1808 ,1805 ,1710 ,1662 ,1707 ,1717 ,1630 ,1579 ,1505 ,1476 ,1492 ,1586 ,1496 ,1452 ,1534 ,1595 ,1500 ,1514 ,1447 ,1384 ,1382 ,1362 ,1309 ,1284 ,1141 ,1177 ,1188 ,1236 
çªìúóﬁ_ê∏ìú,1335 ,1443 ,1557 ,1560 ,1685 ,1805 ,1931 ,2085 ,2221 ,2479 ,2794 ,2823 ,3026 ,3070 ,2923 ,2809 ,2882 ,3072 ,2912 ,3014 ,2746 ,2624 ,2723 ,2598 ,2574 ,2676 ,2724 ,2737 ,2747 ,2715 ,2710 ,2732 ,2689 ,2606 ,2688 ,2666 ,2690 ,2627 ,2545 ,2571 ,2577 ,2561 ,2554 ,2565 ,2535 ,2544 ,2489 ,2533 ,2459 ,2473 ,2453 ,2424 ,2409 ,2434 ,2367 ,2357 ,2368 ,2325 ,2312 ,2267 ,2110 ,2127 ,2168 ,2095 
çªìúóﬁ_ä‹Ç›Ç¬ìú,75 ,56 ,59 ,53 ,30 ,46 ,42 ,31 ,32 ,28 ,35 ,26 ,26 ,31 ,32 ,29 ,27 ,30 ,30 ,28 ,25 ,30 ,28 ,28 ,30 ,29 ,28 ,26 ,27 ,29 ,23 ,26 ,31 ,29 ,30 ,30 ,28 ,31 ,30 ,32 ,31 ,32 ,34 ,36 ,41 ,44 ,43 ,40 ,36 ,34 ,29 ,27 ,30 ,29 ,30 ,34 ,34 ,32 ,30 ,32 ,25 ,27 ,28 ,28 
çªìúóﬁ_ìúÇ›Ç¬,431 ,516 ,621 ,541 ,575 ,744 ,946 ,1023 ,1209 ,1233 ,1332 ,1436 ,1282 ,1195 ,1155 ,1054 ,1060 ,1129 ,1107 ,918 ,894 ,870 ,986 ,1029 ,960 ,873 ,715 ,627 ,548 ,587 ,613 ,591 ,554 ,538 ,491 ,492 ,362 ,358 ,328 ,317 ,299 ,288 ,272 ,276 ,261 ,264 ,244 ,236 ,257 ,242 ,227 ,232 ,222 ,234 ,231 ,229 ,233 ,225 ,219 ,222 ,217 ,221 ,210 ,202 
ñ˚éâóﬁ,682 ,705 ,751 ,855 ,918 ,921 ,1049 ,1127 ,1218 ,1298 ,1364 ,1414 ,1533 ,1636 ,1618 ,1603 ,1732 ,1783 ,1907 ,1964 ,2069 ,2171 ,2215 ,2254 ,2290 ,2394 ,2566 ,2623 ,2568 ,2689 ,2706 ,2722 ,2690 ,2773 ,2723 ,2772 ,2822 ,2863 ,2787 ,2863 ,2896 ,2912 ,2912 ,2906 ,2963 ,2995 ,2994 ,2989 ,2988 ,2861 ,2920 ,2905 ,2916 ,2951 ,3010 ,3039 ,3050 ,3135 ,3119 ,3159 ,3098 ,2994 ,2820 ,2770 
ñ˚éâóﬁ_êAï®ñ˚éâ,423 ,461 ,504 ,565 ,608 ,613 ,689 ,756 ,802 ,851 ,928 ,946 ,1053 ,1141 ,1211 ,1212 ,1283 ,1340 ,1416 ,1478 ,1538 ,1658 ,1713 ,1764 ,1767 ,1837 ,1941 ,1939 ,2007 ,2025 ,2100 ,2130 ,2177 ,2259 ,2263 ,2263 ,2288 ,2361 ,2318 ,2398 ,2414 ,2431 ,2462 ,2463 ,2517 ,2549 ,2549 ,2575 ,2553 ,2451 ,2513 ,2499 ,2508 ,2547 ,2612 ,2646 ,2663 ,2778 ,2771 ,2820 ,2767 ,2686 ,2517 ,2484 
ñ˚éâóﬁ_êAï®ñ˚éâ_ëÂì§ñ˚,126 ,141 ,168 ,212 ,215 ,242 ,274 ,284 ,316 ,353 ,428 ,427 ,451 ,459 ,519 ,492 ,511 ,533 ,590 ,584 ,616 ,633 ,670 ,700 ,704 ,700 ,716 ,672 ,693 ,662 ,667 ,629 ,666 ,693 ,646 ,701 ,665 ,690 ,658 ,701 ,685 ,715 ,753 ,761 ,657 ,639 ,631 ,622 ,605 ,513 ,489 ,419 ,410 ,402 ,420 ,464 ,477 ,499 ,514 ,538 ,515 ,537 ,549 ,503 
ñ˚éâóﬁ_êAï®ñ˚éâ_çÿéÌñ˚,101 ,118 ,117 ,75 ,80 ,82 ,102 ,101 ,117 ,121 ,127 ,155 ,213 ,265 ,281 ,318 ,305 ,318 ,356 ,418 ,414 ,506 ,506 ,505 ,534 ,584 ,630 ,661 ,689 ,733 ,749 ,779 ,764 ,756 ,812 ,798 ,837 ,863 ,864 ,916 ,931 ,907 ,878 ,864 ,985 ,994 ,987 ,970 ,914 ,918 ,980 ,1056 ,1070 ,1075 ,1083 ,1039 ,997 ,1041 ,998 ,1005 ,997 ,1011 ,884 ,878 
ñ˚éâóﬁ_êAï®ñ˚éâ_Ç‚Çµñ˚,50 ,55 ,58 ,65 ,60 ,59 ,68 ,78 ,72 ,77 ,77 ,78 ,94 ,104 ,69 ,77 ,101 ,89 ,89 ,78 ,76 ,82 ,87 ,91 ,73 ,70 ,74 ,69 ,72 ,65 ,67 ,72 ,67 ,55 ,54 ,47 ,42 ,53 ,56 ,56 ,58 ,52 ,52 ,56 ,59 ,63 ,64 ,64 ,71 ,60 ,52 ,48 ,47 ,44 ,55 ,59 ,52 ,49 ,45 ,43 ,42 ,45 ,39 ,39 
ñ˚éâóﬁ_êAï®ñ˚éâ_ÇªÇÃëº,146 ,147 ,161 ,213 ,253 ,230 ,245 ,293 ,297 ,300 ,296 ,286 ,295 ,313 ,342 ,325 ,366 ,400 ,381 ,398 ,432 ,437 ,450 ,468 ,456 ,483 ,521 ,537 ,553 ,565 ,617 ,650 ,680 ,755 ,751 ,717 ,744 ,755 ,740 ,725 ,740 ,757 ,779 ,782 ,816 ,853 ,867 ,919 ,963 ,960 ,992 ,976 ,981 ,1026 ,1054 ,1084 ,1137 ,1189 ,1214 ,1234 ,1213 ,1093 ,1045 ,1064 
ñ˚éâóﬁ_ìÆï®ñ˚éâ,259 ,244 ,247 ,290 ,310 ,308 ,360 ,371 ,416 ,447 ,436 ,468 ,480 ,495 ,407 ,391 ,449 ,443 ,491 ,486 ,531 ,513 ,502 ,490 ,523 ,557 ,625 ,684 ,561 ,664 ,606 ,592 ,513 ,514 ,460 ,509 ,534 ,502 ,469 ,465 ,482 ,481 ,450 ,443 ,446 ,446 ,445 ,414 ,435 ,410 ,407 ,406 ,408 ,404 ,398 ,393 ,387 ,357 ,348 ,339 ,331 ,308 ,303 ,286 
ñ˚éâóﬁ_ìÆï®ñ˚éâ_ãõÅEå~ñ˚,49 ,48 ,64 ,51 ,41 ,45 ,52 ,58 ,71 ,92 ,85 ,85 ,88 ,94 ,92 ,82 ,83 ,74 ,87 ,117 ,123 ,125 ,129 ,128 ,137 ,132 ,185 ,246 ,126 ,203 ,175 ,169 ,105 ,103 ,91 ,138 ,154 ,136 ,113 ,103 ,119 ,142 ,121 ,106 ,106 ,111 ,106 ,89 ,114 ,110 ,96 ,98 ,98 ,95 ,88 ,96 ,98 ,99 ,95 ,95 ,91 ,95 ,85 ,80 
ñ˚éâóﬁ_ìÆï®ñ˚éâ_ãçéâ,164 ,161 ,150 ,189 ,211 ,201 ,232 ,225 ,254 ,267 ,262 ,265 ,265 ,280 ,201 ,196 ,251 ,231 ,231 ,200 ,205 ,198 ,171 ,161 ,145 ,160 ,159 ,158 ,170 ,186 ,190 ,210 ,204 ,189 ,162 ,176 ,181 ,173 ,168 ,169 ,173 ,152 ,139 ,146 ,149 ,145 ,149 ,137 ,142 ,118 ,133 ,124 ,123 ,120 ,124 ,117 ,101 ,92 ,90 ,85 ,80 ,77 ,76 ,72 
ñ˚éâóﬁ_ìÆï®ñ˚éâ_ÇªÇÃëº,46 ,35 ,33 ,50 ,58 ,62 ,76 ,88 ,91 ,88 ,89 ,118 ,127 ,121 ,114 ,113 ,115 ,138 ,173 ,169 ,203 ,190 ,202 ,201 ,241 ,265 ,281 ,280 ,265 ,275 ,241 ,213 ,204 ,222 ,207 ,195 ,199 ,193 ,188 ,193 ,190 ,187 ,190 ,191 ,191 ,190 ,190 ,188 ,179 ,182 ,178 ,184 ,187 ,189 ,186 ,180 ,188 ,166 ,163 ,159 ,160 ,136 ,142 ,134 
Ç›Çª,835 ,801 ,759 ,766 ,783 ,775 ,782 ,790 ,770 ,748 ,763 ,756 ,766 ,774 ,736 ,713 ,732 ,720 ,698 ,704 ,709 ,700 ,695 ,679 ,673 ,655 ,656 ,639 ,639 ,621 ,606 ,603 ,607 ,597 ,574 ,567 ,573 ,568 ,573 ,561 ,554 ,537 ,535 ,523 ,513 ,505 ,498 ,485 ,465 ,456 ,463 ,458 ,437 ,427 ,446 ,454 ,461 ,467 ,465 ,464 ,459 ,446 ,446 ,437 
ÇµÇÂÇ§Ç‰,1303 ,1265 ,1090 ,1069 ,1190 ,1159 ,1158 ,1214 ,1147 ,1165 ,1230 ,1242 ,1297 ,1378 ,1375 ,1240 ,1352 ,1259 ,1303 ,1360 ,1291 ,1269 ,1262 ,1247 ,1228 ,1214 ,1226 ,1223 ,1231 ,1215 ,1190 ,1189 ,1195 ,1190 ,1160 ,1133 ,1141 ,1106 ,1080 ,1037 ,1049 ,1008 ,984 ,970 ,939 ,923 ,930 ,929 ,862 ,848 ,829 ,804 ,788 ,790 ,757 ,757 ,741 ,728 ,717 ,700 ,662 ,661 ,652 ,633 
ÇªÇÃëºêHóøåv,-,-,-,-,-,1206 ,1403 ,1417 ,1556 ,1742 ,2146 ,2188 ,2342 ,2459 ,2435 ,2343 ,2513 ,2811 ,3103 ,3231 ,3327 ,3172 ,3281 ,3550 ,3456 ,3634 ,3621 ,3647 ,3770 ,3758 ,3974 ,4014 ,4152 ,4331 ,4307 ,4232 ,4170 ,4253 ,4292 ,4318 ,4253 ,4364 ,4741 ,4756 ,4465 ,4664 ,4543 ,4685 ,4422 ,4458 ,4677 ,4433 ,4197 ,3816 ,3857 ,4063 ,3942 ,4017 ,4076 ,4130 ,4282 ,4173 ,3989 ,4099 
ÇªÇÃëºêHóøåv_Ç´ÇÃÇ±óﬁ,-,-,-,-,-,52 ,56 ,74 ,90 ,87 ,101 ,119 ,139 ,145 ,170 ,171 ,183 ,196 ,215 ,224 ,234 ,249 ,239 ,256 ,284 ,282 ,308 ,319 ,340 ,356 ,373 ,374 ,404 ,431 ,442 ,459 ,454 ,481 ,499 ,507 ,506 ,506 ,500 ,510 ,522 ,525 ,522 ,533 ,522 ,525 ,537 ,540 ,532 ,523 ,515 ,513 ,517 ,519 ,528 ,516 ,516 ,517 ,516 ,488 
